[{"model": "admin.logentry", "pk": 1, "fields": {"action_time": "2021-07-16T10:33:07.990Z", "user": 1, "content_type": 7, "object_id": "1", "object_repr": "aishlingdreammarket.example.com", "action_flag": 2, "change_message": "[{\"changed\": {\"fields\": [\"Domain name\", \"Display name\"]}}]"}}, {"model": "admin.logentry", "pk": 2, "fields": {"action_time": "2021-07-16T10:46:15.227Z", "user": 1, "content_type": 8, "object_id": "1", "object_repr": "charliekranz3@gmail.com", "action_flag": 2, "change_message": "[{\"changed\": {\"fields\": [\"Verified\", \"Primary\"]}}]"}}, {"model": "admin.logentry", "pk": 3, "fields": {"action_time": "2021-07-16T13:42:25.023Z", "user": 1, "content_type": 14, "object_id": "1", "object_repr": "dreams", "action_flag": 1, "change_message": "[{\"added\": {}}]"}}, {"model": "admin.logentry", "pk": 4, "fields": {"action_time": "2021-07-16T13:53:37.858Z", "user": 1, "content_type": 13, "object_id": "1", "object_repr": "Defending the Kingdom", "action_flag": 1, "change_message": "[{\"added\": {}}]"}}, {"model": "admin.logentry", "pk": 5, "fields": {"action_time": "2021-07-16T13:53:58.401Z", "user": 1, "content_type": 14, "object_id": "2", "object_repr": "ingredients", "action_flag": 1, "change_message": "[{\"added\": {}}]"}}, {"model": "admin.logentry", "pk": 6, "fields": {"action_time": "2021-07-16T13:54:28.940Z", "user": 1, "content_type": 13, "object_id": "2", "object_repr": "Calm", "action_flag": 1, "change_message": "[{\"added\": {}}]"}}, {"model": "admin.logentry", "pk": 7, "fields": {"action_time": "2021-07-16T14:52:08.647Z", "user": 1, "content_type": 13, "object_id": "3", "object_repr": "Gothic Storm", "action_flag": 1, "change_message": "[{\"added\": {}}]"}}, {"model": "admin.logentry", "pk": 8, "fields": {"action_time": "2021-07-16T14:52:55.554Z", "user": 1, "content_type": 13, "object_id": "4", "object_repr": "Serene Journey", "action_flag": 1, "change_message": "[{\"added\": {}}]"}}, {"model": "admin.logentry", "pk": 9, "fields": {"action_time": "2021-07-16T14:54:17.353Z", "user": 1, "content_type": 13, "object_id": "5", "object_repr": "First Contact", "action_flag": 1, "change_message": "[{\"added\": {}}]"}}, {"model": "admin.logentry", "pk": 10, "fields": {"action_time": "2021-07-16T14:56:20.335Z", "user": 1, "content_type": 13, "object_id": "6", "object_repr": "Twilight of Magick", "action_flag": 1, "change_message": "[{\"added\": {}}]"}}, {"model": "admin.logentry", "pk": 11, "fields": {"action_time": "2021-07-16T14:58:11.432Z", "user": 1, "content_type": 13, "object_id": "7", "object_repr": "Seren Journey", "action_flag": 1, "change_message": "[{\"added\": {}}]"}}, {"model": "admin.logentry", "pk": 12, "fields": {"action_time": "2021-07-16T14:58:22.852Z", "user": 1, "content_type": 13, "object_id": "4", "object_repr": "Serene Journey", "action_flag": 3, "change_message": ""}}, {"model": "admin.logentry", "pk": 13, "fields": {"action_time": "2021-07-16T14:58:43.459Z", "user": 1, "content_type": 13, "object_id": "7", "object_repr": "Seren Journey", "action_flag": 3, "change_message": ""}}, {"model": "admin.logentry", "pk": 14, "fields": {"action_time": "2021-07-16T14:59:28.690Z", "user": 1, "content_type": 13, "object_id": "8", "object_repr": "Serene Jouney", "action_flag": 1, "change_message": "[{\"added\": {}}]"}}, {"model": "admin.logentry", "pk": 15, "fields": {"action_time": "2021-07-16T16:03:46.526Z", "user": 1, "content_type": 14, "object_id": "3", "object_repr": "adventure-dream", "action_flag": 1, "change_message": "[{\"added\": {}}]"}}, {"model": "admin.logentry", "pk": 16, "fields": {"action_time": "2021-07-16T16:04:06.603Z", "user": 1, "content_type": 14, "object_id": "4", "object_repr": "atmospheric-dream", "action_flag": 1, "change_message": "[{\"added\": {}}]"}}, {"model": "admin.logentry", "pk": 17, "fields": {"action_time": "2021-07-16T16:04:29.430Z", "user": 1, "content_type": 14, "object_id": "5", "object_repr": "scary-dream", "action_flag": 1, "change_message": "[{\"added\": {}}]"}}, {"model": "admin.logentry", "pk": 18, "fields": {"action_time": "2021-07-16T16:04:53.922Z", "user": 1, "content_type": 14, "object_id": "6", "object_repr": "mystery-dream", "action_flag": 1, "change_message": "[{\"added\": {}}]"}}, {"model": "admin.logentry", "pk": 19, "fields": {"action_time": "2021-07-16T16:05:01.201Z", "user": 1, "content_type": 13, "object_id": "8", "object_repr": "Serene Jouney", "action_flag": 2, "change_message": "[{\"changed\": {\"fields\": [\"Category\"]}}]"}}, {"model": "admin.logentry", "pk": 20, "fields": {"action_time": "2021-07-16T16:05:08.019Z", "user": 1, "content_type": 13, "object_id": "6", "object_repr": "Twilight of Magick", "action_flag": 2, "change_message": "[{\"changed\": {\"fields\": [\"Category\"]}}]"}}, {"model": "admin.logentry", "pk": 21, "fields": {"action_time": "2021-07-16T16:05:16.411Z", "user": 1, "content_type": 13, "object_id": "5", "object_repr": "First Contact", "action_flag": 2, "change_message": "[{\"changed\": {\"fields\": [\"Category\"]}}]"}}, {"model": "admin.logentry", "pk": 22, "fields": {"action_time": "2021-07-16T16:05:23.182Z", "user": 1, "content_type": 13, "object_id": "3", "object_repr": "Gothic Storm", "action_flag": 2, "change_message": "[{\"changed\": {\"fields\": [\"Category\"]}}]"}}, {"model": "admin.logentry", "pk": 23, "fields": {"action_time": "2021-07-16T16:05:29.687Z", "user": 1, "content_type": 13, "object_id": "1", "object_repr": "Defending the Kingdom", "action_flag": 2, "change_message": "[{\"changed\": {\"fields\": [\"Category\"]}}]"}}, {"model": "admin.logentry", "pk": 24, "fields": {"action_time": "2021-07-16T16:13:22.949Z", "user": 1, "content_type": 13, "object_id": "2", "object_repr": "Calm", "action_flag": 2, "change_message": "[{\"changed\": {\"fields\": [\"Image\"]}}]"}}, {"model": "admin.logentry", "pk": 25, "fields": {"action_time": "2021-07-16T16:49:09.568Z", "user": 1, "content_type": 14, "object_id": "7", "object_repr": "positive", "action_flag": 1, "change_message": "[{\"added\": {}}]"}}, {"model": "admin.logentry", "pk": 26, "fields": {"action_time": "2021-07-16T16:49:55.418Z", "user": 1, "content_type": 14, "object_id": "8", "object_repr": "negative", "action_flag": 1, "change_message": "[{\"added\": {}}]"}}, {"model": "admin.logentry", "pk": 27, "fields": {"action_time": "2021-07-16T16:50:09.631Z", "user": 1, "content_type": 14, "object_id": "9", "object_repr": "Neutral", "action_flag": 1, "change_message": "[{\"added\": {}}]"}}, {"model": "admin.logentry", "pk": 28, "fields": {"action_time": "2021-07-16T16:50:11.769Z", "user": 1, "content_type": 13, "object_id": "2", "object_repr": "Calm", "action_flag": 2, "change_message": "[{\"changed\": {\"fields\": [\"Category\"]}}]"}}, {"model": "admin.logentry", "pk": 29, "fields": {"action_time": "2021-07-16T16:52:19.352Z", "user": 1, "content_type": 13, "object_id": "9", "object_repr": "Adventure", "action_flag": 1, "change_message": "[{\"added\": {}}]"}}, {"model": "admin.logentry", "pk": 30, "fields": {"action_time": "2021-07-16T16:52:37.976Z", "user": 1, "content_type": 13, "object_id": "2", "object_repr": "Calm", "action_flag": 2, "change_message": "[{\"changed\": {\"fields\": [\"Price\"]}}]"}}, {"model": "admin.logentry", "pk": 31, "fields": {"action_time": "2021-07-16T16:52:53.969Z", "user": 1, "content_type": 14, "object_id": "9", "object_repr": "neutral", "action_flag": 2, "change_message": "[{\"changed\": {\"fields\": [\"Name\", \"Friendly name\"]}}]"}}, {"model": "admin.logentry", "pk": 32, "fields": {"action_time": "2021-07-16T16:53:30.793Z", "user": 1, "content_type": 13, "object_id": "10", "object_repr": "Fear", "action_flag": 1, "change_message": "[{\"added\": {}}]"}}, {"model": "admin.logentry", "pk": 33, "fields": {"action_time": "2021-07-16T16:53:41.887Z", "user": 1, "content_type": 13, "object_id": "9", "object_repr": "Adventure", "action_flag": 2, "change_message": "[{\"changed\": {\"fields\": [\"Image\"]}}]"}}, {"model": "admin.logentry", "pk": 34, "fields": {"action_time": "2021-07-16T16:58:22.726Z", "user": 1, "content_type": 14, "object_id": "10", "object_repr": "headgear", "action_flag": 1, "change_message": "[{\"added\": {}}]"}}, {"model": "admin.logentry", "pk": 35, "fields": {"action_time": "2021-07-16T16:58:40.583Z", "user": 1, "content_type": 14, "object_id": "11", "object_repr": "mixer", "action_flag": 1, "change_message": "[{\"added\": {}}]"}}, {"model": "admin.logentry", "pk": 36, "fields": {"action_time": "2021-07-16T16:58:51.303Z", "user": 1, "content_type": 14, "object_id": "12", "object_repr": "replay", "action_flag": 1, "change_message": "[{\"added\": {}}]"}}, {"model": "admin.logentry", "pk": 37, "fields": {"action_time": "2021-07-16T16:59:01.925Z", "user": 1, "content_type": 14, "object_id": "13", "object_repr": "shareware", "action_flag": 1, "change_message": "[{\"added\": {}}]"}}, {"model": "admin.logentry", "pk": 38, "fields": {"action_time": "2021-07-16T17:00:09.085Z", "user": 1, "content_type": 13, "object_id": "11", "object_repr": "Headgear 1000", "action_flag": 1, "change_message": "[{\"added\": {}}]"}}, {"model": "admin.logentry", "pk": 39, "fields": {"action_time": "2021-07-16T17:00:31.686Z", "user": 1, "content_type": 13, "object_id": "12", "object_repr": "Dream Mixer", "action_flag": 1, "change_message": "[{\"added\": {}}]"}}, {"model": "admin.logentry", "pk": 40, "fields": {"action_time": "2021-07-16T17:01:25.758Z", "user": 1, "content_type": 13, "object_id": "13", "object_repr": "HD Dream Replay", "action_flag": 1, "change_message": "[{\"added\": {}}]"}}, {"model": "admin.logentry", "pk": 41, "fields": {"action_time": "2021-07-16T17:01:49.612Z", "user": 1, "content_type": 13, "object_id": "14", "object_repr": "Shareware x4", "action_flag": 1, "change_message": "[{\"added\": {}}]"}}, {"model": "admin.logentry", "pk": 42, "fields": {"action_time": "2021-07-16T17:02:32.452Z", "user": 1, "content_type": 13, "object_id": "15", "object_repr": "Shareware x8", "action_flag": 1, "change_message": "[{\"added\": {}}]"}}, {"model": "admin.logentry", "pk": 43, "fields": {"action_time": "2021-07-16T17:03:07.693Z", "user": 1, "content_type": 13, "object_id": "16", "object_repr": "Shareware x12", "action_flag": 1, "change_message": "[{\"added\": {}}]"}}, {"model": "admin.logentry", "pk": 44, "fields": {"action_time": "2021-07-19T08:52:34.397Z", "user": 1, "content_type": 13, "object_id": "17", "object_repr": "Hope", "action_flag": 1, "change_message": "[{\"added\": {}}]"}}, {"model": "admin.logentry", "pk": 45, "fields": {"action_time": "2021-07-19T08:53:06.578Z", "user": 1, "content_type": 13, "object_id": "18", "object_repr": "Victory", "action_flag": 1, "change_message": "[{\"added\": {}}]"}}, {"model": "admin.logentry", "pk": 46, "fields": {"action_time": "2021-07-19T08:54:03.706Z", "user": 1, "content_type": 13, "object_id": "19", "object_repr": "Nothingness", "action_flag": 1, "change_message": "[{\"added\": {}}]"}}, {"model": "admin.logentry", "pk": 47, "fields": {"action_time": "2021-07-19T08:54:30.867Z", "user": 1, "content_type": 13, "object_id": "20", "object_repr": "Romance", "action_flag": 1, "change_message": "[{\"added\": {}}]"}}, {"model": "admin.logentry", "pk": 48, "fields": {"action_time": "2021-07-19T08:54:57.106Z", "user": 1, "content_type": 13, "object_id": "21", "object_repr": "Acceptance", "action_flag": 1, "change_message": "[{\"added\": {}}]"}}, {"model": "admin.logentry", "pk": 49, "fields": {"action_time": "2021-07-19T08:55:29.248Z", "user": 1, "content_type": 13, "object_id": "22", "object_repr": "Ethereal", "action_flag": 1, "change_message": "[{\"added\": {}}]"}}, {"model": "admin.logentry", "pk": 50, "fields": {"action_time": "2021-07-19T08:55:49.651Z", "user": 1, "content_type": 13, "object_id": "23", "object_repr": "Surprise", "action_flag": 1, "change_message": "[{\"added\": {}}]"}}, {"model": "admin.logentry", "pk": 51, "fields": {"action_time": "2021-07-19T08:56:09.896Z", "user": 1, "content_type": 13, "object_id": "24", "object_repr": "Companionship", "action_flag": 1, "change_message": "[{\"added\": {}}]"}}, {"model": "admin.logentry", "pk": 52, "fields": {"action_time": "2021-07-19T08:58:46.537Z", "user": 1, "content_type": 13, "object_id": "25", "object_repr": "No Control", "action_flag": 1, "change_message": "[{\"added\": {}}]"}}, {"model": "admin.logentry", "pk": 53, "fields": {"action_time": "2021-07-19T09:01:11.907Z", "user": 1, "content_type": 13, "object_id": "1", "object_repr": "Defending the Kingdom", "action_flag": 2, "change_message": "[{\"changed\": {\"fields\": [\"Price\"]}}]"}}, {"model": "admin.logentry", "pk": 54, "fields": {"action_time": "2021-07-19T09:01:14.320Z", "user": 1, "content_type": 13, "object_id": "1", "object_repr": "Defending the Kingdom", "action_flag": 2, "change_message": "[]"}}, {"model": "admin.logentry", "pk": 55, "fields": {"action_time": "2021-07-19T09:01:36.716Z", "user": 1, "content_type": 13, "object_id": "3", "object_repr": "Gothic Storm", "action_flag": 2, "change_message": "[{\"changed\": {\"fields\": [\"Price\"]}}]"}}, {"model": "admin.logentry", "pk": 56, "fields": {"action_time": "2021-07-19T09:01:45.607Z", "user": 1, "content_type": 13, "object_id": "5", "object_repr": "First Contact", "action_flag": 2, "change_message": "[{\"changed\": {\"fields\": [\"Price\"]}}]"}}, {"model": "admin.logentry", "pk": 57, "fields": {"action_time": "2021-07-19T09:02:05.215Z", "user": 1, "content_type": 13, "object_id": "5", "object_repr": "First Contact", "action_flag": 2, "change_message": "[{\"changed\": {\"fields\": [\"Price\"]}}]"}}, {"model": "admin.logentry", "pk": 58, "fields": {"action_time": "2021-07-19T09:02:14.954Z", "user": 1, "content_type": 13, "object_id": "6", "object_repr": "Twilight of Magick", "action_flag": 2, "change_message": "[{\"changed\": {\"fields\": [\"Price\"]}}]"}}, {"model": "admin.logentry", "pk": 59, "fields": {"action_time": "2021-07-19T09:03:02.179Z", "user": 1, "content_type": 13, "object_id": "8", "object_repr": "Serene Jouney", "action_flag": 2, "change_message": "[{\"changed\": {\"fields\": [\"Price\"]}}]"}}, {"model": "admin.logentry", "pk": 60, "fields": {"action_time": "2021-07-19T09:03:45.492Z", "user": 1, "content_type": 13, "object_id": "1", "object_repr": "Defending the Kingdom", "action_flag": 2, "change_message": "[{\"changed\": {\"fields\": [\"Price\"]}}]"}}, {"model": "admin.logentry", "pk": 61, "fields": {"action_time": "2021-07-19T09:03:55.360Z", "user": 1, "content_type": 13, "object_id": "3", "object_repr": "Gothic Storm", "action_flag": 2, "change_message": "[{\"changed\": {\"fields\": [\"Price\"]}}]"}}, {"model": "admin.logentry", "pk": 62, "fields": {"action_time": "2021-07-19T09:04:09.275Z", "user": 1, "content_type": 13, "object_id": "1", "object_repr": "Defending the Kingdom", "action_flag": 2, "change_message": "[{\"changed\": {\"fields\": [\"Price\"]}}]"}}, {"model": "admin.logentry", "pk": 63, "fields": {"action_time": "2021-07-19T09:04:40.600Z", "user": 1, "content_type": 13, "object_id": "1", "object_repr": "Defending the Kingdom", "action_flag": 2, "change_message": "[{\"changed\": {\"fields\": [\"Price\"]}}]"}}, {"model": "admin.logentry", "pk": 64, "fields": {"action_time": "2021-07-19T09:04:48.203Z", "user": 1, "content_type": 13, "object_id": "3", "object_repr": "Gothic Storm", "action_flag": 2, "change_message": "[{\"changed\": {\"fields\": [\"Price\"]}}]"}}, {"model": "admin.logentry", "pk": 65, "fields": {"action_time": "2021-07-19T09:39:38.987Z", "user": 1, "content_type": 13, "object_id": "26", "object_repr": "New Stardom", "action_flag": 1, "change_message": "[{\"added\": {}}]"}}, {"model": "admin.logentry", "pk": 66, "fields": {"action_time": "2021-07-19T09:40:35.353Z", "user": 1, "content_type": 13, "object_id": "27", "object_repr": "True Flight", "action_flag": 1, "change_message": "[{\"added\": {}}]"}}, {"model": "admin.logentry", "pk": 67, "fields": {"action_time": "2021-07-19T09:44:33.410Z", "user": 1, "content_type": 13, "object_id": "28", "object_repr": "The Edge", "action_flag": 1, "change_message": "[{\"added\": {}}]"}}, {"model": "admin.logentry", "pk": 68, "fields": {"action_time": "2021-07-19T09:56:30.146Z", "user": 1, "content_type": 13, "object_id": "29", "object_repr": "My-Grow-Scopic", "action_flag": 1, "change_message": "[{\"added\": {}}]"}}, {"model": "admin.logentry", "pk": 69, "fields": {"action_time": "2021-07-19T10:01:36.090Z", "user": 1, "content_type": 13, "object_id": "30", "object_repr": "Hunted", "action_flag": 1, "change_message": "[{\"added\": {}}]"}}, {"model": "admin.logentry", "pk": 70, "fields": {"action_time": "2021-07-19T10:02:19.666Z", "user": 1, "content_type": 13, "object_id": "31", "object_repr": "The Maze", "action_flag": 1, "change_message": "[{\"added\": {}}]"}}, {"model": "admin.logentry", "pk": 71, "fields": {"action_time": "2021-07-19T10:04:07.787Z", "user": 1, "content_type": 13, "object_id": "32", "object_repr": "Zen Beach", "action_flag": 1, "change_message": "[{\"added\": {}}]"}}, {"model": "admin.logentry", "pk": 72, "fields": {"action_time": "2021-07-19T10:05:00.192Z", "user": 1, "content_type": 13, "object_id": "33", "object_repr": "Cosmic Swirl", "action_flag": 1, "change_message": "[{\"added\": {}}]"}}, {"model": "admin.logentry", "pk": 73, "fields": {"action_time": "2021-07-19T10:05:53.498Z", "user": 1, "content_type": 13, "object_id": "34", "object_repr": "Bubbles", "action_flag": 1, "change_message": "[{\"added\": {}}]"}}, {"model": "admin.logentry", "pk": 74, "fields": {"action_time": "2021-07-19T10:06:11.849Z", "user": 1, "content_type": 13, "object_id": "35", "object_repr": "Crash Landing", "action_flag": 1, "change_message": "[{\"added\": {}}]"}}, {"model": "admin.logentry", "pk": 75, "fields": {"action_time": "2021-07-19T10:06:38.545Z", "user": 1, "content_type": 13, "object_id": "36", "object_repr": "Staionary Orbit", "action_flag": 1, "change_message": "[{\"added\": {}}]"}}, {"model": "admin.logentry", "pk": 76, "fields": {"action_time": "2021-07-19T10:06:41.274Z", "user": 1, "content_type": 13, "object_id": "36", "object_repr": "Staionary Orbit", "action_flag": 2, "change_message": "[]"}}, {"model": "admin.logentry", "pk": 77, "fields": {"action_time": "2021-07-19T10:06:56.480Z", "user": 1, "content_type": 13, "object_id": "29", "object_repr": "Synthesis", "action_flag": 2, "change_message": "[{\"changed\": {\"fields\": [\"Name\"]}}]"}}, {"model": "admin.logentry", "pk": 78, "fields": {"action_time": "2021-07-20T08:31:30.946Z", "user": 1, "content_type": 14, "object_id": "9", "object_repr": "neutral", "action_flag": 2, "change_message": "[{\"changed\": {\"fields\": [\"Friendly name\"]}}]"}}, {"model": "admin.logentry", "pk": 79, "fields": {"action_time": "2021-07-20T08:31:39.861Z", "user": 1, "content_type": 14, "object_id": "8", "object_repr": "negative", "action_flag": 2, "change_message": "[{\"changed\": {\"fields\": [\"Friendly name\"]}}]"}}, {"model": "admin.logentry", "pk": 80, "fields": {"action_time": "2021-07-20T08:31:45.158Z", "user": 1, "content_type": 14, "object_id": "7", "object_repr": "positive", "action_flag": 2, "change_message": "[{\"changed\": {\"fields\": [\"Friendly name\"]}}]"}}, {"model": "admin.logentry", "pk": 81, "fields": {"action_time": "2021-07-20T08:32:27.713Z", "user": 1, "content_type": 14, "object_id": "12", "object_repr": "replay", "action_flag": 2, "change_message": "[{\"changed\": {\"fields\": [\"Friendly name\"]}}]"}}, {"model": "admin.logentry", "pk": 82, "fields": {"action_time": "2021-07-20T08:32:38.438Z", "user": 1, "content_type": 14, "object_id": "11", "object_repr": "mixer", "action_flag": 2, "change_message": "[]"}}, {"model": "admin.logentry", "pk": 83, "fields": {"action_time": "2021-07-20T10:27:12.838Z", "user": 1, "content_type": 13, "object_id": "11", "object_repr": "Headgear 1000", "action_flag": 2, "change_message": "[{\"changed\": {\"fields\": [\"Has sizes\"]}}]"}}, {"model": "admin.logentry", "pk": 84, "fields": {"action_time": "2021-07-21T14:40:10.321Z", "user": 1, "content_type": 15, "object_id": "2", "object_repr": "C85799F514D945C1986722E3AFA574ED", "action_flag": 2, "change_message": "[{\"deleted\": {\"name\": \"order line item\", \"object\": \"SKU None on order C85799F514D945C1986722E3AFA574ED\"}}]"}}, {"model": "admin.logentry", "pk": 85, "fields": {"action_time": "2021-07-21T14:41:48.497Z", "user": 1, "content_type": 15, "object_id": "3", "object_repr": "54AF170D4CDA45259DD6888AC9ACC896", "action_flag": 2, "change_message": "[{\"deleted\": {\"name\": \"order line item\", \"object\": \"SKU None on order 54AF170D4CDA45259DD6888AC9ACC896\"}}]"}}, {"model": "admin.logentry", "pk": 86, "fields": {"action_time": "2021-07-21T14:42:15.059Z", "user": 1, "content_type": 15, "object_id": "3", "object_repr": "54AF170D4CDA45259DD6888AC9ACC896", "action_flag": 2, "change_message": "[{\"changed\": {\"name\": \"order line item\", \"object\": \"SKU None on order 54AF170D4CDA45259DD6888AC9ACC896\", \"fields\": [\"Quantity\"]}}]"}}, {"model": "admin.logentry", "pk": 87, "fields": {"action_time": "2021-07-21T14:42:31.313Z", "user": 1, "content_type": 15, "object_id": "3", "object_repr": "54AF170D4CDA45259DD6888AC9ACC896", "action_flag": 2, "change_message": "[{\"changed\": {\"name\": \"order line item\", \"object\": \"SKU None on order 54AF170D4CDA45259DD6888AC9ACC896\", \"fields\": [\"Quantity\"]}}]"}}, {"model": "admin.logentry", "pk": 88, "fields": {"action_time": "2021-07-21T14:42:54.062Z", "user": 1, "content_type": 15, "object_id": "3", "object_repr": "54AF170D4CDA45259DD6888AC9ACC896", "action_flag": 2, "change_message": "[{\"changed\": {\"name\": \"order line item\", \"object\": \"SKU None on order 54AF170D4CDA45259DD6888AC9ACC896\", \"fields\": [\"Quantity\"]}}]"}}, {"model": "admin.logentry", "pk": 89, "fields": {"action_time": "2021-07-21T14:43:09.091Z", "user": 1, "content_type": 15, "object_id": "3", "object_repr": "54AF170D4CDA45259DD6888AC9ACC896", "action_flag": 3, "change_message": ""}}, {"model": "admin.logentry", "pk": 90, "fields": {"action_time": "2021-07-21T14:43:09.118Z", "user": 1, "content_type": 15, "object_id": "2", "object_repr": "C85799F514D945C1986722E3AFA574ED", "action_flag": 3, "change_message": ""}}, {"model": "admin.logentry", "pk": 91, "fields": {"action_time": "2021-07-21T14:43:09.140Z", "user": 1, "content_type": 15, "object_id": "1", "object_repr": "4EDAD1B309784475BBB795D3F184D4EE", "action_flag": 3, "change_message": ""}}, {"model": "admin.logentry", "pk": 92, "fields": {"action_time": "2021-07-23T21:39:12.472Z", "user": 1, "content_type": 4, "object_id": "2", "object_repr": "test2test", "action_flag": 2, "change_message": "[{\"changed\": {\"fields\": [\"First name\", \"Last name\"]}}]"}}, {"model": "admin.logentry", "pk": 93, "fields": {"action_time": "2021-07-24T09:31:32.864Z", "user": 1, "content_type": 13, "object_id": "38", "object_repr": "removeme", "action_flag": 3, "change_message": ""}}, {"model": "admin.logentry", "pk": 94, "fields": {"action_time": "2021-07-24T09:31:32.902Z", "user": 1, "content_type": 13, "object_id": "37", "object_repr": "dhl\\;lhgk", "action_flag": 3, "change_message": ""}}, {"model": "auth.user", "pk": 1, "fields": {"password": "pbkdf2_sha256$260000$FS7WhkWXTF8RxkvU5n4mnj$t6Z/EetOthm0KU9cunVFryG5CcQTa+TI4ViyYUOaWo0=", "last_login": "2021-07-24T09:29:04.584Z", "is_superuser": true, "username": "cksuperuser", "first_name": "", "last_name": "", "email": "charliekranz3@gmail.com", "is_staff": true, "is_active": true, "date_joined": "2021-07-16T10:30:56.370Z", "groups": [], "user_permissions": []}}, {"model": "auth.user", "pk": 2, "fields": {"password": "pbkdf2_sha256$260000$nM248T5Us43m2TLtCpq9YV$iysnv1NqJnZspn22cjxziQOiY2OzEHpEUM475u2YsWc=", "last_login": "2021-07-24T10:25:40.734Z", "is_superuser": false, "username": "test2test", "first_name": "Test", "last_name": "Test", "email": "test@test.com", "is_staff": false, "is_active": true, "date_joined": "2021-07-23T20:30:32Z", "groups": [], "user_permissions": []}}, {"model": "sessions.session", "pk": "2m5k3bs4z1ysjreffr1uqaxjlcz60x23", "fields": {"session_data": ".eJxVjMsOwiAQRf-FtSG8OpQu3fsNZAqDRQ2Y0iYa479rky50e8-558U8rsvk10azz5ENTLHD7zZiuFLZQLxgOVcealnmPPJN4Ttt_FQj3Y67-xeYsE3fNwQUiGSTS1YhQHJRBt1BLzQAgjXBqNEZbVWvpZNCatXHBERGuKhCt0UbtZZr8fS45_nJBvH-AHMPPlk:1m7Eqr:eUcVa_5LU3MmGn1xv9vo996SDYHB-Hhdf7HRF9JY-JA", "expire_date": "2021-08-07T10:25:49.147Z"}}, {"model": "sessions.session", "pk": "3m62x7pedbesqtpdveiqxgwkvgryegw4", "fields": {"session_data": ".eJxVjkEOgyAURO_y14QAgijL7nsGwv8QtW20EU3aGO9eaVy0m1nMvJnMBj6sS-_XnGY_RHAggf16GOiexhLEWxi7idM0LvOAvCD8TDO_TjE9Lif7N9CH3B_tOmoyRliDGCTqoAIm2WJlRUWEdRNVY3Srm0SxFUK3dWVJKRulIJGQRBnNKedhGn16PYf5DU4wwNCB247TTjIwX1XgFANZrH3_ABnKRfw:1m5n4Q:m39olRpjcnvyTgbzhOBo9a-ggTFIxad_Xexh03HNzu8", "expire_date": "2021-08-03T10:33:50.642Z"}}, {"model": "sessions.session", "pk": "awe6o3vzmao5i17x6y6asa6vpyzuko76", "fields": {"session_data": ".eJxVjDsOgzAQBe-yNbJs8Adcps8ZrN21-SQIJAxpEHcPSBRJ-2be7BBwW_uw5bSEIYIHBcXvRsjvNF0gvnDqZsHztC4DiUsRN83iOcc0Pm73L9Bj7s-3jZqNkc4QoSKNJVJSDVVOVsxk61jWRje6ThwbKXVjK8dl6aKSLBOxPKMZPykMUzuDb3HMqQDCDvwOFrw6ji-FxkHY:1m6VkV:gNvXXRaYx1QVrpMSbL0n_J5-Mzxub3wvUGfb3phRZAY", "expire_date": "2021-08-05T10:16:15.380Z"}}, {"model": "sessions.session", "pk": "o8682ideun0yf8fzh9o80lqetpspzzmw", "fields": {"session_data": ".eJyrVkpKTFeyqlYyNASRmSWpucXxSZXxxZlVqSCBXCUrQx2limIIlQOkaoEAANG4EP4:1m5nEj:lnB7k3O03aAocdEXzIfQjJomXijcPCL8eeh1u5r5cMI", "expire_date": "2021-08-03T10:44:29.433Z"}}, {"model": "sessions.session", "pk": "xtpdsk5gtmmkcjfsqpimiga1xxnjl6xu", "fields": {"session_data": "eyJiYWciOnsiMyI6MSwiMTIiOjEsIjM1IjoxfX0:1m71b9:9Y9ZzY8yDIsYUXSHFuV95uwLTFF7ehtkG4kymY-t90o", "expire_date": "2021-08-06T20:16:43.308Z"}}, {"model": "sites.site", "pk": 1, "fields": {"domain": "aishlingdreammarket.example.com", "name": "Aishling Dream Market"}}, {"model": "account.emailaddress", "pk": 1, "fields": {"user": 1, "email": "charliekranz3@gmail.com", "verified": true, "primary": true}}, {"model": "account.emailaddress", "pk": 2, "fields": {"user": 2, "email": "test@test.com", "verified": true, "primary": true}}, {"model": "products.category", "pk": 1, "fields": {"name": "dreams", "friendly_name": "Dreams"}}, {"model": "products.category", "pk": 2, "fields": {"name": "ingredients", "friendly_name": "Ingredients"}}, {"model": "products.category", "pk": 3, "fields": {"name": "adventure-dream", "friendly_name": "Adventure Dream"}}, {"model": "products.category", "pk": 4, "fields": {"name": "atmospheric-dream", "friendly_name": "Atmospheric Dream"}}, {"model": "products.category", "pk": 5, "fields": {"name": "scary-dream", "friendly_name": "Scary Dream"}}, {"model": "products.category", "pk": 6, "fields": {"name": "mystery-dream", "friendly_name": "Mystery Dream"}}, {"model": "products.category", "pk": 7, "fields": {"name": "positive", "friendly_name": "Positive Dream Ingredient"}}, {"model": "products.category", "pk": 8, "fields": {"name": "negative", "friendly_name": "Negative Dream Ingredient"}}, {"model": "products.category", "pk": 9, "fields": {"name": "neutral", "friendly_name": "Neutral Dream Ingredient"}}, {"model": "products.category", "pk": 10, "fields": {"name": "headgear", "friendly_name": "Headgear"}}, {"model": "products.category", "pk": 11, "fields": {"name": "mixer", "friendly_name": "Dream Mixer"}}, {"model": "products.category", "pk": 12, "fields": {"name": "replay", "friendly_name": "ReREM Dream Device"}}, {"model": "products.category", "pk": 13, "fields": {"name": "shareware", "friendly_name": "Shareware"}}, {"model": "products.product", "pk": 1, "fields": {"category": 3, "sku": null, "name": "Defending the Kingdom", "description": "Lorem ipsum dolor sit amet, consectetur adipiscing elit. Curabitur at metus mi. Suspendisse potenti. Aenean urna ipsum, aliquet id leo ac, aliquam dictum velit. Fusce vehicula a ante quis feugiat.", "has_sizes": false, "price": "28.99", "rating": null, "image_url": null, "image": "grass-horse-stallion-mane-helmet-knight-1413030-pxhere.com.jpg"}}, {"model": "products.product", "pk": 2, "fields": {"category": 9, "sku": null, "name": "Calm", "description": "Lorem ipsum dolor sit amet, consectetur adipiscing elit. Curabitur at metus mi. Suspendisse potenti. Aenean urna ipsum, aliquet id leo ac, aliquam dictum velit. Fusce vehicula a ante quis feugiat.", "has_sizes": false, "price": "12.99", "rating": null, "image_url": null, "image": "noimage.jpg"}}, {"model": "products.product", "pk": 3, "fields": {"category": 6, "sku": null, "name": "Gothic Storm", "description": "Lorem ipsum dolor sit amet, consectetur adipiscing elit. Curabitur at metus mi. Suspendisse potenti. Aenean urna ipsum, aliquet id leo ac, aliquam dictum velit. Fusce vehicula a ante quis feugiat.", "has_sizes": false, "price": "24.99", "rating": null, "image_url": null, "image": "cloud-sky-atmosphere-weather-storm-castle-656399-pxhere.com.jpg"}}, {"model": "products.product", "pk": 5, "fields": {"category": 5, "sku": null, "name": "First Contact", "description": "Lorem ipsum dolor sit amet, consectetur adipiscing elit. Curabitur at metus mi. Suspendisse potenti. Aenean urna ipsum, aliquet id leo ac, aliquam dictum velit. Fusce vehicula a ante quis feugiat.", "has_sizes": false, "price": "22.99", "rating": null, "image_url": null, "image": "hand-silhouette-light-black-and-white-white-photography-846223-pxhere.com.jpg"}}, {"model": "products.product", "pk": 6, "fields": {"category": 6, "sku": null, "name": "Twilight of Magick", "description": "Lorem ipsum dolor sit amet, consectetur adipiscing elit. Curabitur at metus mi. Suspendisse potenti. Aenean urna ipsum, aliquet id leo ac, aliquam dictum velit. Fusce vehicula a ante quis feugiat.", "has_sizes": false, "price": "26.99", "rating": null, "image_url": null, "image": "fantasy-castle-fog-meadow-tree-bats-1460325-pxhere.com.jpg"}}, {"model": "products.product", "pk": 8, "fields": {"category": 4, "sku": null, "name": "Serene Jouney", "description": "Lorem ipsum dolor sit amet, consectetur adipiscing elit. Curabitur at metus mi. Suspendisse potenti. Aenean urna ipsum, aliquet id leo ac, aliquam dictum velit. Fusce vehicula a ante quis feugiat.", "has_sizes": false, "price": "24.99", "rating": null, "image_url": null, "image": "water-nature-horizon-sky-air-lake-1327741-pxhere.com_TkExcn8.jpg"}}, {"model": "products.product", "pk": 9, "fields": {"category": 7, "sku": null, "name": "Adventure", "description": "Lorem ipsum dolor sit amet, consectetur adipiscing elit. Vivamus in mollis nulla. Nullam malesuada lacus vel lacinia vestibulum. Quisque hendrerit dui vel mi fringilla, vel fermentum ipsum varius. Maecenas facilisis.", "has_sizes": false, "price": "12.99", "rating": null, "image_url": null, "image": "noimage_5Bv2kfq.jpg"}}, {"model": "products.product", "pk": 10, "fields": {"category": 8, "sku": null, "name": "Fear", "description": "Lorem ipsum dolor sit amet, consectetur adipiscing elit. Vivamus in mollis nulla. Nullam malesuada lacus vel lacinia vestibulum. Quisque hendrerit dui vel mi fringilla, vel fermentum ipsum varius. Maecenas facilisis.", "has_sizes": false, "price": "13.99", "rating": null, "image_url": null, "image": "noimage_xHel8Na.jpg"}}, {"model": "products.product", "pk": 11, "fields": {"category": 10, "sku": null, "name": "Headgear 1000", "description": "Lorem ipsum dolor sit amet, consectetur adipiscing elit. Vivamus in mollis nulla. Nullam malesuada lacus vel lacinia vestibulum. Quisque hendrerit dui vel mi fringilla, vel fermentum ipsum varius. Maecenas facilisis.", "has_sizes": true, "price": "299.99", "rating": null, "image_url": null, "image": "noimage_rwZt94t.jpg"}}, {"model": "products.product", "pk": 12, "fields": {"category": 11, "sku": null, "name": "Dream Mixer", "description": "Lorem ipsum dolor sit amet, consectetur adipiscing elit. Vivamus in mollis nulla. Nullam malesuada lacus vel lacinia vestibulum. Quisque hendrerit dui vel mi fringilla, vel fermentum ipsum varius. Maecenas facilisis.", "has_sizes": false, "price": "129.99", "rating": null, "image_url": null, "image": "noimage_9uIRifG.jpg"}}, {"model": "products.product", "pk": 13, "fields": {"category": 12, "sku": null, "name": "HD Dream Replay", "description": "Lorem ipsum dolor sit amet, consectetur adipiscing elit. Vivamus in mollis nulla. Nullam malesuada lacus vel lacinia vestibulum. Quisque hendrerit dui vel mi fringilla, vel fermentum ipsum varius. Maecenas facilisis.", "has_sizes": false, "price": "169.99", "rating": null, "image_url": null, "image": "noimage_JKFq5ro.jpg"}}, {"model": "products.product", "pk": 14, "fields": {"category": 13, "sku": null, "name": "Shareware x4", "description": "Lorem ipsum dolor sit amet, consectetur adipiscing elit. Vivamus in mollis nulla. Nullam malesuada lacus vel lacinia vestibulum. Quisque hendrerit dui vel mi fringilla, vel fermentum ipsum varius. Maecenas facilisis.", "has_sizes": false, "price": "89.99", "rating": null, "image_url": null, "image": "noimage_VNJyE47.jpg"}}, {"model": "products.product", "pk": 15, "fields": {"category": 13, "sku": null, "name": "Shareware x8", "description": "Lorem ipsum dolor sit amet, consectetur adipiscing elit. Vivamus in mollis nulla. Nullam malesuada lacus vel lacinia vestibulum. Quisque hendrerit dui vel mi fringilla, vel fermentum ipsum varius. Maecenas facilisis.", "has_sizes": false, "price": "109.99", "rating": null, "image_url": null, "image": "noimage_mPukYx7.jpg"}}, {"model": "products.product", "pk": 16, "fields": {"category": 13, "sku": null, "name": "Shareware x12", "description": "Lorem ipsum dolor sit amet, consectetur adipiscing elit. Vivamus in mollis nulla. Nullam malesuada lacus vel lacinia vestibulum. Quisque hendrerit dui vel mi fringilla, vel fermentum ipsum varius. Maecenas facilisis.", "has_sizes": false, "price": "139.99", "rating": null, "image_url": null, "image": "noimage_KeoMWEo.jpg"}}, {"model": "products.product", "pk": 17, "fields": {"category": 7, "sku": null, "name": "Hope", "description": "Lorem ipsum dolor sit amet, consectetur adipiscing elit. Suspendisse consectetur turpis nulla, vitae maximus ligula dapibus in. Suspendisse iaculis, diam ac facilisis accumsan, massa metus porta ipsum, et eleifend est.", "has_sizes": false, "price": "10.99", "rating": null, "image_url": null, "image": "noimage_DBmTjMQ.jpg"}}, {"model": "products.product", "pk": 18, "fields": {"category": 7, "sku": null, "name": "Victory", "description": "Lorem ipsum dolor sit amet, consectetur adipiscing elit. Suspendisse consectetur turpis nulla, vitae maximus ligula dapibus in. Suspendisse iaculis, diam ac facilisis accumsan, massa metus porta ipsum, et eleifend est.", "has_sizes": false, "price": "11.99", "rating": null, "image_url": null, "image": "noimage_VeXZHB3.jpg"}}, {"model": "products.product", "pk": 19, "fields": {"category": 9, "sku": null, "name": "Nothingness", "description": "Lorem ipsum dolor sit amet, consectetur adipiscing elit. Suspendisse consectetur turpis nulla, vitae maximus ligula dapibus in. Suspendisse iaculis, diam ac facilisis accumsan, massa metus porta ipsum, et eleifend est.", "has_sizes": false, "price": "12.99", "rating": null, "image_url": null, "image": "noimage_Wc06h4I.jpg"}}, {"model": "products.product", "pk": 20, "fields": {"category": 7, "sku": null, "name": "Romance", "description": "Lorem ipsum dolor sit amet, consectetur adipiscing elit. Suspendisse consectetur turpis nulla, vitae maximus ligula dapibus in. Suspendisse iaculis, diam ac facilisis accumsan, massa metus porta ipsum, et eleifend est.", "has_sizes": false, "price": "11.99", "rating": null, "image_url": null, "image": "noimage_bKseQcw.jpg"}}, {"model": "products.product", "pk": 21, "fields": {"category": 7, "sku": null, "name": "Acceptance", "description": "Lorem ipsum dolor sit amet, consectetur adipiscing elit. Suspendisse consectetur turpis nulla, vitae maximus ligula dapibus in. Suspendisse iaculis, diam ac facilisis accumsan, massa metus porta ipsum, et eleifend est.", "has_sizes": false, "price": "11.99", "rating": null, "image_url": null, "image": "noimage_uFPoZAE.jpg"}}, {"model": "products.product", "pk": 22, "fields": {"category": 9, "sku": null, "name": "Ethereal", "description": "Lorem ipsum dolor sit amet, consectetur adipiscing elit. Suspendisse consectetur turpis nulla, vitae maximus ligula dapibus in. Suspendisse iaculis, diam ac facilisis accumsan, massa metus porta ipsum, et eleifend est.", "has_sizes": false, "price": "10.99", "rating": null, "image_url": null, "image": "noimage_tCjWJSa.jpg"}}, {"model": "products.product", "pk": 23, "fields": {"category": 9, "sku": null, "name": "Surprise", "description": "Lorem ipsum dolor sit amet, consectetur adipiscing elit. Suspendisse consectetur turpis nulla, vitae maximus ligula dapibus in. Suspendisse iaculis, diam ac facilisis accumsan, massa metus porta ipsum, et eleifend est.", "has_sizes": false, "price": "11.99", "rating": null, "image_url": null, "image": "noimage_q3u7ea4.jpg"}}, {"model": "products.product", "pk": 24, "fields": {"category": 7, "sku": null, "name": "Companionship", "description": "Lorem ipsum dolor sit amet, consectetur adipiscing elit. Suspendisse consectetur turpis nulla, vitae maximus ligula dapibus in. Suspendisse iaculis, diam ac facilisis accumsan, massa metus porta ipsum, et eleifend est.", "has_sizes": false, "price": "11.99", "rating": null, "image_url": null, "image": "noimage_D1HHLar.jpg"}}, {"model": "products.product", "pk": 25, "fields": {"category": 8, "sku": null, "name": "No Control", "description": "Lorem ipsum dolor sit amet, consectetur adipiscing elit. Suspendisse consectetur turpis nulla, vitae maximus ligula dapibus in. Suspendisse iaculis, diam ac facilisis accumsan, massa metus porta ipsum, et eleifend est.", "has_sizes": false, "price": "10.99", "rating": null, "image_url": null, "image": "noimage_Lfx4h7e.jpg"}}, {"model": "products.product", "pk": 26, "fields": {"category": 3, "sku": null, "name": "New Stardom", "description": "Lorem ipsum dolor sit amet, consectetur adipiscing elit. Suspendisse consectetur turpis nulla, vitae maximus ligula dapibus in. Suspendisse iaculis, diam ac facilisis accumsan, massa metus porta ipsum, et eleifend est.", "has_sizes": false, "price": "23.99", "rating": null, "image_url": null, "image": "rock-silhouette-music-light-group-people-868620-pxhere.com.jpg"}}, {"model": "products.product", "pk": 27, "fields": {"category": 4, "sku": null, "name": "True Flight", "description": "Lorem ipsum dolor sit amet, consectetur adipiscing elit. Suspendisse consectetur turpis nulla, vitae maximus ligula dapibus in. Suspendisse iaculis, diam ac facilisis accumsan, massa metus porta ipsum, et eleifend est.", "has_sizes": false, "price": "24.99", "rating": null, "image_url": null, "image": "horizon-cloud-sky-sunrise-sunset-sunlight-1625-pxhere.com.jpg"}}, {"model": "products.product", "pk": 28, "fields": {"category": 6, "sku": null, "name": "The Edge", "description": "Lorem ipsum dolor sit amet, consectetur adipiscing elit. Suspendisse consectetur turpis nulla, vitae maximus ligula dapibus in. Suspendisse iaculis, diam ac facilisis accumsan, massa metus porta ipsum, et eleifend est.", "has_sizes": false, "price": "25.99", "rating": null, "image_url": null, "image": "landscape-sea-nature-ocean-horizon-light-1096270-pxhere.com.jpg"}}, {"model": "products.product", "pk": 29, "fields": {"category": 3, "sku": null, "name": "Synthesis", "description": "Lorem ipsum dolor sit amet, consectetur adipiscing elit. Suspendisse consectetur turpis nulla, vitae maximus ligula dapibus in. Suspendisse iaculis, diam ac facilisis accumsan, massa metus porta ipsum, et eleifend est.", "has_sizes": false, "price": "23.99", "rating": null, "image_url": null, "image": "artificial-assort-background-background-texture-bright-clean-1582745-pxhere.com.jpg"}}, {"model": "products.product", "pk": 30, "fields": {"category": 5, "sku": null, "name": "Hunted", "description": "Lorem ipsum dolor sit amet, consectetur adipiscing elit. Suspendisse consectetur turpis nulla, vitae maximus ligula dapibus in. Suspendisse iaculis, diam ac facilisis accumsan, massa metus porta ipsum, et eleifend est.", "has_sizes": false, "price": "24.99", "rating": null, "image_url": null, "image": "tree-nature-forest-branch-silhouette-cold-1180528-pxhere.com.jpg"}}, {"model": "products.product", "pk": 31, "fields": {"category": 6, "sku": null, "name": "The Maze", "description": "Lorem ipsum dolor sit amet, consectetur adipiscing elit. Suspendisse consectetur turpis nulla, vitae maximus ligula dapibus in. Suspendisse iaculis, diam ac facilisis accumsan, massa metus porta ipsum, et eleifend est.", "has_sizes": false, "price": "26.99", "rating": null, "image_url": null, "image": "wing-light-cloud-architecture-sky-white-398-pxhere.com.jpg"}}, {"model": "products.product", "pk": 32, "fields": {"category": 4, "sku": null, "name": "Zen Beach", "description": "Lorem ipsum dolor sit amet, consectetur adipiscing elit. Suspendisse consectetur turpis nulla, vitae maximus ligula dapibus in. Suspendisse iaculis, diam ac facilisis accumsan, massa metus porta ipsum, et eleifend est.", "has_sizes": false, "price": "27.99", "rating": null, "image_url": null, "image": "horizon-light-cloud-sky-sun-sunrise-1127997-pxhere.com-1.jpg"}}, {"model": "products.product", "pk": 33, "fields": {"category": 4, "sku": null, "name": "Cosmic Swirl", "description": "Lorem ipsum dolor sit amet, consectetur adipiscing elit. Suspendisse consectetur turpis nulla, vitae maximus ligula dapibus in. Suspendisse iaculis, diam ac facilisis accumsan, massa metus porta ipsum, et eleifend est.", "has_sizes": false, "price": "24.99", "rating": null, "image_url": null, "image": "cosmos-atmosphere-reflection-constellation-space-darkness-836648-pxhere.com.jpg"}}, {"model": "products.product", "pk": 34, "fields": {"category": 4, "sku": null, "name": "Bubbles", "description": "Lorem ipsum dolor sit amet, consectetur adipiscing elit. Suspendisse consectetur turpis nulla, vitae maximus ligula dapibus in. Suspendisse iaculis, diam ac facilisis accumsan, massa metus porta ipsum, et eleifend est.", "has_sizes": false, "price": "24.99", "rating": null, "image_url": null, "image": "water-nature-branch-winter-droplet-drop-1022747-pxhere.com.jpg"}}, {"model": "products.product", "pk": 35, "fields": {"category": 5, "sku": null, "name": "Crash Landing", "description": "Lorem ipsum dolor sit amet, consectetur adipiscing elit. Suspendisse consectetur turpis nulla, vitae maximus ligula dapibus in. Suspendisse iaculis, diam ac facilisis accumsan, massa metus porta ipsum, et eleifend est.", "has_sizes": false, "price": "28.99", "rating": null, "image_url": null, "image": "wing-sky-sun-sunrise-sunset-fly-629937-pxhere.com.jpg"}}, {"model": "products.product", "pk": 36, "fields": {"category": 3, "sku": null, "name": "Staionary Orbit", "description": "Lorem ipsum dolor sit amet, consectetur adipiscing elit. Suspendisse consectetur turpis nulla, vitae maximus ligula dapibus in. Suspendisse iaculis, diam ac facilisis accumsan, massa metus porta ipsum, et eleifend est.", "has_sizes": false, "price": "27.99", "rating": null, "image_url": null, "image": "atmosphere-vehicle-space-aurora-aerial-view-aurora-boreali-22859-pxhere.com.jpg"}}, {"model": "checkout.order", "pk": 4, "fields": {"order_number": "EB4CF20162024FD2B188D2D3B5761811", "user_profile": null, "full_name": "test", "email": "test@test.com", "phone_number": "22222", "country": "22", "postcode": null, "town_or_city": "2", "street_address1": "2", "street_address2": "2", "county": "2", "date": "2021-07-21T14:54:17.420Z", "delivery_cost": "0.00", "order_total": "312.98", "grand_total": "312.98", "original_bag": "", "stripe_pid": ""}}, {"model": "checkout.order", "pk": 5, "fields": {"order_number": "E0925958EDE742949C9C1E9CAE7B41E7", "user_profile": null, "full_name": "test", "email": "test@test.com", "phone_number": "22", "country": "2", "postcode": "2", "town_or_city": "2", "street_address1": "2", "street_address2": "2", "county": "2", "date": "2021-07-21T15:06:46.597Z", "delivery_cost": "0.00", "order_total": "63.96", "grand_total": "63.96", "original_bag": "", "stripe_pid": ""}}, {"model": "checkout.order", "pk": 6, "fields": {"order_number": "9BF2797C6B82476EA00FBE57EDEA43B6", "user_profile": null, "full_name": "test", "email": "test@test.com", "phone_number": "2", "country": "US", "postcode": "2", "town_or_city": "2", "street_address1": "2", "street_address2": null, "county": null, "date": "2021-07-22T09:52:41.567Z", "delivery_cost": "3.80", "order_total": "37.98", "grand_total": "41.78", "original_bag": "", "stripe_pid": ""}}, {"model": "checkout.order", "pk": 7, "fields": {"order_number": "547B00ACB5304FC9A1D5E847B8D3EA07", "user_profile": null, "full_name": "test", "email": "test@test.com", "phone_number": "2", "country": "US", "postcode": "2", "town_or_city": "2", "street_address1": "2", "street_address2": null, "county": null, "date": "2021-07-22T10:12:24.876Z", "delivery_cost": "3.80", "order_total": "37.98", "grand_total": "41.78", "original_bag": "{\"3\": 1, \"2\": 1}", "stripe_pid": "pi_1JFysiLp0P1Ftr5RHNnaG5fg"}}, {"model": "checkout.order", "pk": 8, "fields": {"order_number": "F1FF68F4B2C94689B2266B6D79454D7F", "user_profile": null, "full_name": "test", "email": "test@test.com", "phone_number": "2", "country": "US", "postcode": "2", "town_or_city": "2", "street_address1": "2", "street_address2": "2", "county": null, "date": "2021-07-22T10:16:52.117Z", "delivery_cost": "2.70", "order_total": "26.99", "grand_total": "29.69", "original_bag": "{\"6\": 1}", "stripe_pid": "pi_1JFywzLp0P1Ftr5RtCQZsCvI"}}, {"model": "checkout.order", "pk": 9, "fields": {"order_number": "10D8FD86F1F040AD93E41E8B3219F6AF", "user_profile": 2, "full_name": "test", "email": "test@test.com", "phone_number": "1", "country": "AX", "postcode": "1", "town_or_city": "1", "street_address1": "1", "street_address2": "1", "county": "1", "date": "2021-07-23T21:31:53.055Z", "delivery_cost": "1.30", "order_total": "12.99", "grand_total": "14.29", "original_bag": "{\"9\": 1}", "stripe_pid": "pi_1JGVxjLp0P1Ftr5R70iDs9R6"}}, {"model": "checkout.order", "pk": 10, "fields": {"order_number": "523A9D94E13445CE9B64A4DC27D8B8BB", "user_profile": 2, "full_name": "Test Test", "email": "test@test.com", "phone_number": "1", "country": "AX", "postcode": "1", "town_or_city": "1", "street_address1": "1", "street_address2": "1", "county": "1", "date": "2021-07-23T21:46:03.468Z", "delivery_cost": "1.20", "order_total": "11.99", "grand_total": "13.19", "original_bag": "{\"18\": 1}", "stripe_pid": "pi_1JGW65Lp0P1Ftr5R3RQgaAfW"}}, {"model": "checkout.order", "pk": 11, "fields": {"order_number": "584B20C1FF4647E4B4FA4CEF322985E6", "user_profile": 2, "full_name": "Test Test", "email": "test@test.com", "phone_number": "1", "country": "AX", "postcode": "1", "town_or_city": "1", "street_address1": "1", "street_address2": "1", "county": "1", "date": "2021-07-23T21:50:14.740Z", "delivery_cost": "1.30", "order_total": "12.99", "grand_total": "14.29", "original_bag": "{\"19\": 1}", "stripe_pid": "pi_1JGWFpLp0P1Ftr5RO8saDdeV"}}, {"model": "checkout.order", "pk": 12, "fields": {"order_number": "090F5C0A195B4C8BAAA93086A1D06240", "user_profile": 2, "full_name": "Test Test", "email": "test@test.com", "phone_number": "1", "country": "AX", "postcode": "1", "town_or_city": "1", "street_address1": "1", "street_address2": "1", "county": "1", "date": "2021-07-23T22:06:52.945Z", "delivery_cost": "2.30", "order_total": "22.99", "grand_total": "25.29", "original_bag": "{\"5\": 1}", "stripe_pid": "pi_1JGWVULp0P1Ftr5R5scxhii6"}}, {"model": "checkout.order", "pk": 13, "fields": {"order_number": "D768BC68331F4C81BF052F93E793DD3E", "user_profile": 2, "full_name": "Test Test", "email": "test@test.com", "phone_number": "1", "country": "AX", "postcode": "1", "town_or_city": "1", "street_address1": "1", "street_address2": "1", "county": "1", "date": "2021-07-23T22:17:56.019Z", "delivery_cost": "0.00", "order_total": "129.99", "grand_total": "129.99", "original_bag": "{\"12\": 1}", "stripe_pid": "pi_1JGWgfLp0P1Ftr5RacSKvom7"}}, {"model": "checkout.orderlineitem", "pk": 8, "fields": {"order": 4, "product": 9, "product_size": null, "quantity": 1, "lineitem_total": "12.99"}}, {"model": "checkout.orderlineitem", "pk": 9, "fields": {"order": 4, "product": 11, "product_size": "m", "quantity": 1, "lineitem_total": "299.99"}}, {"model": "checkout.orderlineitem", "pk": 10, "fields": {"order": 5, "product": 19, "product_size": null, "quantity": 3, "lineitem_total": "38.97"}}, {"model": "checkout.orderlineitem", "pk": 11, "fields": {"order": 5, "product": 3, "product_size": null, "quantity": 1, "lineitem_total": "24.99"}}, {"model": "checkout.orderlineitem", "pk": 12, "fields": {"order": 6, "product": 19, "product_size": null, "quantity": 1, "lineitem_total": "12.99"}}, {"model": "checkout.orderlineitem", "pk": 13, "fields": {"order": 6, "product": 3, "product_size": null, "quantity": 1, "lineitem_total": "24.99"}}, {"model": "checkout.orderlineitem", "pk": 14, "fields": {"order": 7, "product": 3, "product_size": null, "quantity": 1, "lineitem_total": "24.99"}}, {"model": "checkout.orderlineitem", "pk": 15, "fields": {"order": 7, "product": 2, "product_size": null, "quantity": 1, "lineitem_total": "12.99"}}, {"model": "checkout.orderlineitem", "pk": 16, "fields": {"order": 8, "product": 6, "product_size": null, "quantity": 1, "lineitem_total": "26.99"}}, {"model": "checkout.orderlineitem", "pk": 17, "fields": {"order": 9, "product": 9, "product_size": null, "quantity": 1, "lineitem_total": "12.99"}}, {"model": "checkout.orderlineitem", "pk": 18, "fields": {"order": 10, "product": 18, "product_size": null, "quantity": 1, "lineitem_total": "11.99"}}, {"model": "checkout.orderlineitem", "pk": 19, "fields": {"order": 11, "product": 19, "product_size": null, "quantity": 1, "lineitem_total": "12.99"}}, {"model": "checkout.orderlineitem", "pk": 20, "fields": {"order": 12, "product": 5, "product_size": null, "quantity": 1, "lineitem_total": "22.99"}}, {"model": "checkout.orderlineitem", "pk": 21, "fields": {"order": 13, "product": 12, "product_size": null, "quantity": 1, "lineitem_total": "129.99"}}, {"model": "profiles.userprofile", "pk": 1, "fields": {"user": 1, "default_phone_number": null, "default_street_address1": null, "default_street_address2": null, "default_town_or_city": null, "default_county": null, "default_postcode": null, "default_country": null}}, {"model": "profiles.userprofile", "pk": 2, "fields": {"user": 2, "default_phone_number": "1", "default_street_address1": "1", "default_street_address2": "1", "default_town_or_city": "1", "default_county": "1", "default_postcode": "1", "default_country": "AX"}}]